Factor,num Df,den Df,MSE,F,ges,p,p<.05
Diet,1,29,13.343310120871626,5.7769458866173,0.16611423859506758,0.022855594860530674,*
Drug,1,29,13.343310120871626,4.882593641948384,0.14410330252591652,0.03517934267325638,*
Diet:Drug,1,29,13.343310120871626,5.699470341679061,0.16425237289092498,0.023708369760250408,*
